<?xml version="1.0" encoding="utf-8"?>
<extension type="library" method="upgrade" version="2.5">
	<name>TCPDF - Library</name>
	<libraryname>tcpdf</libraryname>
	<creationDate>2014-12-07</creationDate>
	<author>Nicola Asuni</author>
	<authoremail></authoremail>
	<authorUrl>www.tcpdf.org</authorUrl>
	<copyright>Copyright (C) 2002-2014 Nicola Asuni - Tecnick.com LTD</copyright>
	<license>GPL</license>
	<version>6.1.0</version>
	<description>LIB_TCPDF_LIBRARY_DESC</description>
	<languages folder="language">
		<language tag="en-GB">en-GB/en-GB.lib_tcpdf.ini</language>
		<language tag="en-GB">en-GB/en-GB.lib_tcpdf.sys.ini</language>
	</languages>
	<files>
		<folder>config</folder>
		<folder>fonts</folder>
		<folder>include</folder>
		<folder>tools</folder>
		<filename>library.php</filename>
		<filename>LICENSE.TXT</filename>
		<filename>README.TXT</filename>
		<filename>tcpdf.php</filename>
		<filename>tcpdf.xml</filename>
		<filename>tcpdf_autoconfig.php</filename>
		<filename>tcpdf_barcodes_1d.php</filename>
		<filename>tcpdf_barcodes_2d.php</filename>
		<filename>tcpdf_import.php</filename>
		<filename>tcpdf_parser.php</filename>
	</files>
</extension>
